	{

		"metadata": {
			"formatVersion" : 3.1,
			"generatedBy"   : "Blender 2.7 Exporter",
			"vertices"      : 22,
			"faces"         : 29,
			"normals"       : 22,
			"colors"        : 0,
			"uvs"           : [],
			"materials"     : 1,
			"morphTargets"  : 0,
			"bones"         : 0
		},

			"scale" : 1.000000,
			
			"vertices" : [-3.03417,-0.000724792,0.9,-2.96985,0.077656,0.9,-2.96985,0.077656,-0.9,-3.03417,-0.000724792,-0.9,3.03417,-0.000725031,0.9,2.96985,0.0776496,0.9,2.3334,0.599975,0.9,1.60728,0.988097,0.9,0.819384,1.2271,0.9,4.14968e-06,1.30781,0.9,-0.819376,1.2271,0.9,-1.60727,0.988101,0.9,-2.33339,0.599979,0.9,-2.33339,0.599979,-0.9,-1.60727,0.988101,-0.9,-0.819376,1.2271,-0.9,4.22836e-06,1.30781,-0.9,0.819384,1.2271,-0.9,1.60727,0.988097,-0.9,2.3334,0.599975,-0.9,2.96985,0.0776496,-0.9,3.03417,-0.000725031,-0.9],
			"faces"    : [35,0,1,2,3,0,0,1,2,3,34,4,1,0,0,4,1,0,34,11,12,1,0,5,6,1,34,9,10,11,0,7,8,5,34,7,8,9,0,9,10,7,34,5,6,7,0,11,12,9,34,4,5,1,0,4,11,1,34,9,11,1,0,7,5,1,34,5,7,9,0,11,9,7,34,5,9,1,0,11,7,1,35,2,1,12,13,0,2,1,6,13,34,3,20,21,0,3,14,15,34,18,19,20,0,16,17,14,34,16,17,18,0,18,19,16,34,14,15,16,0,20,21,18,34,2,13,14,0,2,13,20,34,3,2,20,0,3,2,14,34,16,18,20,0,18,16,14,34,2,14,16,0,2,20,18,34,2,16,20,0,2,18,14,35,21,20,5,4,0,15,14,11,4,35,19,6,5,20,0,17,12,11,14,35,18,7,6,19,0,16,9,12,17,35,17,8,7,18,0,19,10,9,16,35,16,9,8,17,0,18,7,10,19,35,15,10,9,16,0,21,8,7,18,35,14,11,10,15,0,20,5,8,21,35,13,12,11,14,0,13,6,5,20,35,4,0,3,21,0,4,0,3,15],
			"uvs"      : [],
			"normals"  : [-0.755211,-0.357189,0.549547,-0.514664,0.514664,0.68569,-0.514664,0.514664,-0.68569,-0.755211,-0.357189,-0.549547,0.755211,-0.357189,0.549547,-0.278542,0.672475,0.68569,-0.40437,0.605213,0.68569,0,0.727866,0.68569,-0.142003,0.713889,0.68569,0.278542,0.672475,0.68569,0.142003,0.713889,0.68569,0.514695,0.514664,0.68569,0.40437,0.605213,0.68569,-0.40437,0.605213,-0.68569,0.514695,0.514664,-0.68569,0.755211,-0.357189,-0.549547,0.278542,0.672475,-0.68569,0.40437,0.605213,-0.68569,0,0.727866,-0.68569,0.142003,0.713889,-0.68569,-0.278542,0.672475,-0.68569,-0.142003,0.713889,-0.68569],
			
			"skinIndices"  : [],
			"skinWeights"  : [],
			"morphTargets" : [],
			
			"bones"      : [],
			"animations" : [],
			
			"colors"    : [],
			"materials" : [
				{
					"DbgColor": 15658734,
					"DbgIndex": 0,
					"DbgName": "default",
					"vertexColors": false
				}
			]


	}
